,total_inventory,fluid_lp_rounding,fluid_lp_rounding_withscaling,myopic_greedy,offline_lp_rounding
0,30,0.967943455528158,0.9253063877864963,0.9438019699517388,0.9810822420945018
1,60,0.9584084570968041,0.9548149917227895,0.9556618531509797,0.9731207192964348
2,90,0.9386073932713782,0.965254440331806,0.9650783001777165,0.9796766435714829
