index,x,y
0,0.5528784806463646,0.7386282367456509
1,0.734918437684825,0.6895024863846104
2,0.221533751370112,0.6150545490553304
3,0.4272085652032449,0.5111065672688484
4,0.5947708793352879,0.316310130729769
