index,x,y
0,0.43599490214200376,0.025926231827891333
1,0.5496624778787091,0.4353223926182769
2,0.42036780208748903,0.3303348210038741
3,0.2046486340378425,0.6192709663506637
4,0.29965467367452314,0.26682727510286663
5,0.6211338327692949,0.5291420942770391
6,0.13457994534493356,0.5135781212657464
7,0.18443986564691528,0.7853351478166735
8,0.8539752926394888,0.4942368373819278
9,0.846561485357468,0.079645477009061
