inventory_placement,offline_lp_rounding,offline_lp_rounding,fluid_lp_rounding,fluid_lp_rounding,fluid_lp_rounding_withscaling,fluid_lp_rounding_withscaling,myopic_greedy,myopic_greedy
,is_best,within_1_perc,is_best,within_1_perc,is_best,within_1_perc,is_best,within_1_perc
fulfillment_algorithm,,,,,,,,
myopic,6.666666666666667,21.11111111111111,17.77777777777778,38.88888888888889,4.444444444444445,27.77777777777778,8.88888888888889,34.44444444444444
fluid_with_rejections,5.555555555555555,20.0,13.333333333333334,15.555555555555555,4.444444444444445,32.22222222222222,10.0,37.77777777777778
offline_with_rejections,10.0,54.44444444444444,21.11111111111111,56.66666666666666,8.88888888888889,73.33333333333333,17.77777777777778,66.66666666666666
fluid_with_rejections_resolving,2.2222222222222223,27.77777777777778,15.555555555555555,26.666666666666668,4.444444444444445,33.33333333333333,5.555555555555555,38.88888888888889
offline_with_rejections_resolving,87.77777777777777,100.0,90.0,100.0,86.66666666666667,100.0,80.0,100.0
