index,x,y
0,0.5425443680112613,0.14217004760152696
1,0.3733407600514692,0.6741336150663453
2,0.4418331744229961,0.4340139933332937
3,0.6177669784693172,0.5131382425543909
4,0.6503971819314672,0.6010389534045444
5,0.8052231968327465,0.5216471523936341
6,0.9086488808086682,0.3192360889885453
7,0.09045934927090737,0.30070005663620336
8,0.11398436186354977,0.8286813263076767
9,0.04689631938924976,0.6262871483113925
