supply_node,demand_node,reward
0,0,0.8704994552717501
0,1,0.11011117825660166
1,1,0.3000919803937838
1,2,0.4749057659504685
2,2,0.6729367191665858
2,3,0.25759243292061773
3,3,0.7011513197244875
3,4,0.6570000593742624
4,4,0.18200775771189426
4,0,0.3220629928291008
