index,x,y
0,0.80648135792427,0.34225462561468434
1,0.5388888490671446,0.00587378555105833
2,0.6731524781805254,0.21002426217873815
3,0.9325575928787119,0.3742447494814921
4,0.7524189220859464,0.763139001845522
