index,x,y
0,0.771320643266746,0.0207519493594015
1,0.6336482349262754,0.7488038825386119
2,0.4985070123025904,0.22479664553084766
3,0.19806286475962398,0.7605307121989587
4,0.16911083656253545,0.08833981417401027
5,0.6853598183677972,0.9533933461949365
6,0.003948266327914451,0.5121922633857766
7,0.8126209616521135,0.6125260668293881
8,0.7217553174317995,0.29187606817063316
9,0.9177741225129434,0.7145757833976906
