,total_inventory,fluid_lp_rounding,fluid_lp_rounding_withscaling,myopic_greedy,offline_lp_rounding
0,30,0.9742081609194354,0.9364015497529198,0.9346299243908917,0.9898653687046772
1,45,0.9677150221068936,0.9600762323118684,0.9755843325499534,0.9896920033123929
2,60,0.987299252692212,0.9873297472521768,0.9874461437992664,0.9884460398975302
3,75,0.9640950402412307,0.9986103564040989,0.9987773864615576,0.9988193589123333
4,90,0.9569092294191354,0.9993658441965706,0.999963066622393,0.9999614712277272
