,total_inventory,fluid_lp_rounding,fluid_lp_rounding_withscaling,myopic_greedy,offline_lp_rounding
0,30,0.9418719588628172,0.9508252655006646,0.9699623042419299,0.9893328630498994
1,45,0.980669450928954,0.9653571547364376,0.968258928543384,0.9892848917206063
2,60,0.9738962174175035,0.9738995094267797,0.9760248063393594,0.9876972725427928
3,75,0.9716269292328481,0.9787881138295794,0.9820876847890049,0.9890022545808593
4,90,0.9341423841464864,0.9833080762701486,0.985946160301848,0.9903759378637885
