,total_inventory,fluid_lp_rounding,fluid_lp_rounding_withscaling,myopic_greedy,offline_lp_rounding
0,30,0.9450710508053879,0.9452158007860246,0.94417667503475,0.9437684169659245
1,45,0.953568029124371,0.959622442121602,0.9596609329301392,0.9580574988523402
2,60,0.9697815297005149,0.9699970678617573,0.9700666957837367,0.9694581676457954
3,75,0.9671595723671238,0.976869338847672,0.9762846686102171,0.9762180602909861
4,90,0.9612661863749657,0.982053101495899,0.9819103485623856,0.9812589135676659
