,total_inventory,fluid_lp_rounding,fluid_lp_rounding_withscaling,myopic_greedy,offline_lp_rounding
0,30,0.8523230167133111,0.9963576706432987,0.9872895268321152,0.9976094170229766
1,45,0.9185166608242212,0.996244624449796,0.9926251145016552,0.9968853797017889
2,60,0.9954341476229622,0.995479306581953,0.9923355891085699,0.9982997904123231
3,75,0.9844943474114947,0.9968749417735372,0.9933685242431213,0.9977461550488381
4,90,0.9591092570144213,0.9973472012521848,0.995927823939115,0.9977966366339761
