,total_inventory,fluid_lp_rounding,fluid_lp_rounding_withscaling,myopic_greedy,offline_lp_rounding
0,30,0.9319641589389046,0.9619183060612366,0.9694499444950943,0.9826645595447275
1,45,0.9742794013912017,0.9718925099969005,0.9782442840406482,0.9847059522446694
2,60,0.9799265581628994,0.9797713242700846,0.9846831556527555,0.9857638395353462
3,75,0.9750801617349809,0.9833808205419111,0.9889047535559762,0.9874719559915272
4,90,0.9431316894400028,0.9869846221988644,0.9919040090651018,0.9914086785194192
