,total_inventory,fluid_lp_rounding,fluid_lp_rounding_withscaling,myopic_greedy,offline_lp_rounding
0,30,0.9564349408059861,0.954504763967448,0.9541220493690682,0.9582024909667959
1,45,0.9691968413291574,0.9657605213849509,0.9666335644358188,0.9684340840321365
2,60,0.9898412319795385,0.9899287119029085,0.9907360672380812,0.9904535898703565
3,75,0.9890155996591679,0.9985019557423961,0.9990578343257864,0.9990761635292903
4,90,0.9880973344740251,0.9995215620161183,0.9999173351690706,0.999900930944419
