,total_inventory,fluid_lp_rounding,fluid_lp_rounding_withscaling,myopic_greedy,offline_lp_rounding
0,30,0.7762875731280149,0.9431783643167136,0.9381777456460327,0.983335671317524
1,45,0.8406189447463226,0.9419086241663224,0.975427192816702,0.9866208031391528
2,60,0.9466780196808918,0.9464382895710499,0.9842082507503951,0.9883985776531723
3,75,0.9757029620912921,0.9543821768364928,0.9893250505310313,0.9907897500809032
4,90,0.963040986105332,0.962034690242498,0.9917182117892348,0.9923741702809648
