,total_inventory,fluid_lp_rounding,fluid_lp_rounding_withscaling,myopic_greedy,offline_lp_rounding
0,30,0.9578388106830479,0.9557923683063275,0.9560137195575757,0.9573415457936663
1,45,0.9622757784152329,0.9641854988323516,0.964227454704713,0.9646238592738561
2,60,0.9786949338576554,0.9789719258923902,0.9797228737844873,0.9795823759630583
3,75,0.9790701168094711,0.9886669482394612,0.9894601168952268,0.9898810261061108
4,90,0.9751244362902053,0.9941375241389382,0.9955610589074699,0.9955322989044776
