,total_inventory,fluid_lp_rounding,fluid_lp_rounding_withscaling,myopic_greedy,offline_lp_rounding
0,30,0.913178733212738,0.9970006885977584,0.9965134234390827,0.99413755103371
1,45,0.9258957715955206,0.9919299767699451,0.9830679050116146,0.9933073960123098
2,60,0.9855687921750732,0.9857186830524645,0.9945208432817789,0.9930714285120033
3,75,0.9661962125807748,0.9922111939096764,0.999596685544875,0.9996839006795812
4,90,0.9547480339713972,0.998059729972972,0.9999497492373721,0.9999885636443988
