index,x,y
0,0.3097359255052041,0.9576037393658909
1,0.5131167122678871,0.3182844248720986
2,0.5391999374256481,0.2212549424277599
