supply_node,demand_node,reward
0,0,1
0,1,0.06580838778721143
0,2,0.9828705465534338
0,3,0.12785571292503184
0,4,0.32213079320417937
1,1,1
2,2,1
3,3,1
4,4,1
