index,x,y
0,0.5553564738223304,0.5433860175425403
1,0.760895575602929,0.7123745740820913
2,0.6196820961034396,0.4260917704761922
3,0.2890750280180877,0.9738552412004462
4,0.33377404551067036,0.21880106081982797
