index,x,y
0,0.8734294027918162,0.968540662820932
1,0.86919454021392,0.530855691555599
2,0.2327283279772907,0.011398804277429897
3,0.4304688182924905,0.4023513600373648
4,0.5226746713525696,0.47839179580240243
