index,x,y
0,0.5131167122678871,0.3182844248720986
1,0.5391999374256481,0.2212549424277599
2,0.80648135792427,0.34225462561468434
3,0.5388888490671446,0.00587378555105833
