index,x,y
0,0.5139433437726902,0.7731650520792968
1,0.8704276857248127,0.00804694852981791
2,0.3097359255052041,0.9576037393658909
