,total_inventory,fluid_lp_rounding,fluid_lp_rounding_withscaling,myopic_greedy,offline_lp_rounding
0,30,0.7720135113260228,0.9442017290539597,0.9415988869327472,0.9876982612297536
1,45,0.8397345981536413,0.9490693627399119,0.9709234462671703,0.9863530173182762
2,60,0.9541207401069826,0.9539194545449728,0.9843552726583573,0.9891638298802933
3,75,0.971033568836984,0.9611628176584144,0.9897852898857785,0.9897734197962385
4,90,0.9552495188077723,0.9651889966395557,0.9918594776594571,0.9933137355604651
