,total_inventory,fluid_lp_rounding,fluid_lp_rounding_withscaling,myopic_greedy,offline_lp_rounding
0,30,0.9386863765713547,0.9427109630777426,0.9422427575307553,0.940492872930153
1,45,0.949523347784061,0.9577822445350219,0.9568268328549606,0.9558264330585384
2,60,0.9678757281421301,0.9677409191936728,0.9681857006748316,0.9674733376330975
3,75,0.9660349040733618,0.9763666990957748,0.9754455736848758,0.9749308329815122
4,90,0.9604484616744922,0.9808153584498416,0.9806200812303326,0.9793368223803457
