,total_inventory,fluid_lp_rounding,fluid_lp_rounding_withscaling,myopic_greedy,offline_lp_rounding
0,30,0.9778284214612134,0.9184588410075808,0.9368216449473659,0.9830275111252695
1,45,0.9779551207414592,0.9402517918352773,0.9516420764301629,0.9818639877172047
2,60,0.9538870113055142,0.9544530180489473,0.9641824944298847,0.9809655454874016
3,75,0.9555902096126453,0.9640339066606299,0.9683952553355729,0.9821074935767276
4,90,0.9120581924043379,0.9711275222134005,0.9749174242882619,0.9840676193959691
