,total_inventory,fluid_lp_rounding,fluid_lp_rounding_withscaling,myopic_greedy,offline_lp_rounding
0,30,0.8387063507283266,0.9961291428807699,0.9917581799900654,0.9981449961561039
1,45,0.9140389969972742,0.9960563892711368,0.9909782411947046,0.9979922825178669
2,60,0.996065960589675,0.996303895674669,0.9926237780975988,0.9982308891398928
3,75,0.9813369216621853,0.9963915225816908,0.9947152300868892,0.9971723294062848
4,90,0.9550641174623359,0.9972484262303909,0.9955818534634103,0.9981250146106747
