,total_inventory,fluid_lp_rounding,fluid_lp_rounding_withscaling,myopic_greedy,offline_lp_rounding
0,30,0.9196171842169768,0.9979698860100793,0.9945108824598166,0.9966780128089529
1,45,0.9274507160427259,0.993141474223058,0.9849462888052712,0.994779164416704
2,60,0.9878079453337983,0.9877311850203697,0.9945101268033955,0.9947646978593606
3,75,0.9615483172898377,0.9948717287425574,0.9997316887333298,0.9997451465510888
4,90,0.9488203631810112,0.9987649179187501,0.9999640008661381,0.999965144670705
