,total_inventory,fluid_lp_rounding,fluid_lp_rounding_withscaling,myopic_greedy,offline_lp_rounding
0,30,0.9764701002861086,0.9025133477616383,0.8984094681624171,0.989125647903967
1,45,0.985338205351676,0.9233364515803631,0.935971217264554,0.9892493680953326
2,60,0.9838092761595242,0.9837423011768239,0.9841831620340031,0.986893140016425
3,75,0.9626467604118043,0.9968714058446,0.9986068356192584,0.9986846660252942
4,90,0.954714501302186,0.999101789545947,0.9999212449519168,0.9999777299740267
