,total_inventory,fluid_lp_rounding,fluid_lp_rounding_withscaling,myopic_greedy,offline_lp_rounding
0,30,0.9694760259566491,0.9259203235411263,0.9557387567695717,0.9803884017887661
1,45,0.9776520323922112,0.9522011702882572,0.9686253098827777,0.9785585748646533
2,60,0.9673533588133635,0.9668933771211087,0.9756271020276461,0.9797342379365954
3,75,0.9611551066727184,0.974528072375851,0.9842941834954877,0.9834312789858352
4,90,0.9285229121222792,0.9816971469742531,0.9868770621259457,0.987849015707429
