,total_inventory,fluid_lp_rounding,fluid_lp_rounding_withscaling,myopic_greedy,offline_lp_rounding
0,30,0.9543094417048457,0.9533418142195859,0.9523563056776829,0.9554184376999729
1,45,0.9573582954742486,0.9629863534343949,0.9620278960466948,0.9637457100400713
2,60,0.9774568675573557,0.9779888840511752,0.9782487170045563,0.9789526012049525
3,75,0.9797281607082601,0.9888714104609042,0.9897000192099451,0.9898573000978612
4,90,0.9751660049974186,0.9942401286157496,0.9952405475307621,0.9951014648069979
