,total_inventory,fluid_lp_rounding,fluid_lp_rounding_withscaling,myopic_greedy,offline_lp_rounding
0,30,0.9571060583735056,0.9550229741219602,0.9541635244094204,0.9583627893478078
1,45,0.9686475335740029,0.9660513700587636,0.966547706407277,0.9671498492099792
2,60,0.9898693440036499,0.9898957187272358,0.9906534128471037,0.9899095508371168
3,75,0.9889098475610901,0.9986153586650042,0.999010797483687,0.9989965629639438
4,90,0.9879976976863398,0.999666773554539,0.9998815493627086,0.999868760693533
